{"cameraMode":{"drawMode":0,"name":"Shaded","section":"Shading Mode"},"sceneLighting":false,"audioPlay":false,"sceneViewState":{"showFog":true,"showMaterialUpdate":false,"showSkybox":false,"showFlares":true,"showImageEffects":true,"showParticleSystems":true},"in2DMode":false,"pivot":{"x":0.008131027221679688,"y":4.633082866668701,"z":1.642354965209961},"rotation":{"x":-0.02606888674199581,"y":0.0479653924703598,"z":0.001252307090908289,"w":0.998510479927063},"size":12.215113639831543,"orthographic":true}