{"cameraMode":{"drawMode":0,"name":"Shaded","section":"Shading Mode"},"sceneLighting":false,"audioPlay":false,"sceneViewState":{"showFog":true,"showMaterialUpdate":false,"showSkybox":false,"showFlares":true,"showImageEffects":true,"showParticleSystems":true},"in2DMode":false,"pivot":{"x":-11.9840087890625,"y":10.80999755859375,"z":0.7451171875},"rotation":{"x":-0.02606888674199581,"y":0.0479653924703598,"z":0.001252307090908289,"w":0.998510479927063},"size":8.219210624694825,"orthographic":true}