{"cameraMode":{"drawMode":0,"name":"Shaded","section":"Shading Mode"},"sceneLighting":true,"audioPlay":false,"sceneViewState":{"showFog":true,"showMaterialUpdate":false,"showSkybox":false,"showFlares":true,"showImageEffects":true,"showParticleSystems":true},"in2DMode":false,"pivot":{"x":909.748291015625,"y":-1.1474390029907227,"z":674.4285888671875},"rotation":{"x":-0.02606888674199581,"y":0.0479653924703598,"z":0.001252307090908289,"w":0.998510479927063},"size":10.495805740356446,"orthographic":true}