{"cameraMode":{"drawMode":0,"name":"Shaded","section":"Shading Mode"},"sceneLighting":true,"audioPlay":false,"sceneViewState":{"showFog":true,"showMaterialUpdate":false,"showSkybox":false,"showFlares":true,"showImageEffects":true,"showParticleSystems":true},"in2DMode":false,"pivot":{"x":5.0758442878723148,"y":0.6447734832763672,"z":-2.900973320007324},"rotation":{"x":-0.02606888674199581,"y":0.0479653924703598,"z":0.001252307090908289,"w":0.998510479927063},"size":25.71516990661621,"orthographic":true}